 Alpha Spirit Complementos Snacks de Ternera en Monodosis para Perro - Pack 16 x 35Grs,9.05 €,https://www.petsonic.com/12023-large_default/alpha-spirit-snacks-ternera-monodosis-para-perros.jpg
 Alpha Spirit Complementos Snacks de Pollo en Monodosis para Perro - Pack 16 x 35Grs,9.05 €,https://www.petsonic.com/12024-large_default/snacks-de-pollo-en-monodosis-para-perro.jpg
 Alpha Spirit Complementos Snacks de Queso en Monodosis para Perro - Pack 16 x 35Grs,9.05 €,https://www.petsonic.com/12025-large_default/snacks-de-queso-en-monodosis-para-perro.jpg
 Alpha Spirit Complementos Snacks de Higado en Monodosis para Perro - Pack 16 x 35Grs,9.05 €,https://www.petsonic.com/12026-large_default/snacks-de-higado-en-monodosis-para-perro.jpg
 Alpha Spirit Complementos Snacks de Pescado en Monodosis para Perro - Pack 16 x 35Grs,9.05 €,https://www.petsonic.com/12027-large_default/snacks-de-pescado-en-monodosis-para-perro.jpg
 Alpha Spirit Complementos Snacks de Pato en Monodosis para Perro - Pack 16 x 35Grs,9.05 €,https://www.petsonic.com/12028-large_default/snacks-de-pato-en-monodosis-para-perro.jpg
 Alpha Spirit Complementos Snacks de Cordero en Monodosis para Perro - Pack 16 x 35Grs,9.05 €,https://www.petsonic.com/12029-large_default/snacks-de-cordero-en-monodosis-para-perro.jpg
 Kong Pasta Easy Treat para Cachorros - 0.236 L,5.29 €,https://www.petsonic.com/13277-large_default/kong-pasta-easy-treat-para-cachorros-para-perros.jpg
 Kong Pasta Easy Treat para Perro - 0.236 L,5.29 €,https://www.petsonic.com/13278-large_default/kong-pasta-easy-treat-para-perros.jpg
 Purina Pro Plan Snack Dentalife para Perros Mini - 5 unidades x 115Grs,10.90 €,https://www.petsonic.com/11184-large_default/purina-pro-plan-snack-dentalife-mini-para-perros.jpg
 Purina Pro Plan Snack Dentalife para Perros Mini - 4 Unidades x 345gr,21.77 €,https://www.petsonic.com/11184-large_default/purina-pro-plan-snack-dentalife-mini-para-perros.jpg
 Purina Pro Plan Snack Dentalife para Perros Medianos - 5 unidades x 115Grs,10.86 €,https://www.petsonic.com/11186-large_default/purina-pro-plan-snack-dentalife-medianos-para-perros.jpg
 Purina Pro Plan Snack Dentalife para Perros Medianos - 5 unidades x 345Grs,27.23 €,https://www.petsonic.com/11186-large_default/purina-pro-plan-snack-dentalife-medianos-para-perros.jpg
 Purina Pro Plan Snack Dentalife para Perros Grandes - 5 Unidades x 142gr,8.45 €,https://www.petsonic.com/11188-large_default/purina-pro-plan-snack-dentalife-grandes-para-perros.jpg
 Purina Pro Plan Snack Dentalife para Perros Grandes - 5 Unidades x 426gr,27.23 €,https://www.petsonic.com/11188-large_default/purina-pro-plan-snack-dentalife-grandes-para-perros.jpg
 Affinity Advance Puppy Snack,18.14 €,https://www.petsonic.com/18854-large_default/affinity-advance-puppy-snack-para-perros.jpg
 Iams Sticks Pollo y Ternera para Perro - 3 Unidades.,3.63 €,https://www.petsonic.com/11532-large_default/iams-sticks-pollo-y-ternera-para-perros.jpg
